_date,total_views,unique_views
2026-05-25,0,0
2026-05-26,0,0
2026-05-27,0,0
2026-05-28,0,0
2026-05-29,0,0
2026-05-30,0,0
2026-05-31,1,1
2026-06-01,0,0
2026-06-02,0,0
2026-06-03,0,0
2026-06-04,0,0
2026-06-05,0,0
2026-06-06,0,0
2026-06-07,6,4
2026-06-08,5,2
2026-06-09,3,2
2026-06-10,1,1
2026-06-11,1,1
2026-06-12,0,0
2026-06-13,2,2
2026-06-14,18,3
2026-06-15,1,1
2026-06-16,3,3
2026-06-17,7,3
2026-06-18,1,1
2026-06-19,10,3
2026-06-20,2,2
2026-06-21,2,2
2026-06-22,5,4
2026-06-23,2,1
2026-06-24,5,2
2026-06-25,4,3
2026-06-26,0,0
2026-06-27,8,4
2026-06-28,2,2
2026-06-29,1,1
2026-06-30,4,4
2026-07-01,3,3
2026-07-02,2,2
2026-07-03,5,4
2026-07-04,4,3
2026-07-05,2,2
2026-07-06,3,2
2026-07-07,0,0
2026-07-08,5,5
2026-07-09,2,2
2026-07-10,0,0
2026-07-11,1,1
2026-07-12,1,1
2026-07-13,16,2
2026-07-14,8,5
2026-07-15,0,0
2026-07-16,2,2
2026-07-17,1,1
2026-07-18,12,5
2026-07-19,15,5
2026-07-20,9,5
2026-07-21,2,2
2026-07-22,6,3
2026-07-23,0,0
2026-07-24,6,5
2026-07-25,2,2
2026-07-26,7,7
2026-07-27,0,0
2026-07-28,8,7
2026-07-29,5,5
2026-07-30,13,11
2026-07-31,14,6
2026-08-01,10,8
2026-08-02,6,6
2026-08-03,28,5
2026-08-04,4,3
2026-08-05,12,10
2026-08-06,9,8
2026-08-07,3,3
2026-08-08,5,5
2026-08-09,6,5
2026-08-10,10,7
2026-08-11,2,2
2026-08-12,4,4
2026-08-13,4,2
2026-08-14,8,6
2026-08-15,10,6
2026-08-16,2,2
2026-08-17,132,7
2026-08-18,15,4
2026-08-19,8,7
2026-08-20,5,4
2026-08-21,6,6
2026-08-22,9,7
2026-08-23,6,6
2026-08-24,19,4
2026-08-25,7,4
2026-08-26,18,7
